<?xml version="1.0" encoding="UTF-8" standalone="no"?>
<raConfiguration version="9">
  <generalSettings>
    <option key="#Board#" value="board.custom"/>
    <option key="CPU" value="RA0E1"/>
    <option key="Core" value="CM23"/>
    <option key="#TargetName#" value="R7FA0E1073CFJ"/>
    <option key="#TargetARCHITECTURE#" value="cortex-m23"/>
    <option key="#DeviceCommand#" value="R7FA0E107"/>
    <option key="#RTOS#" value="_none"/>
    <option key="#pinconfiguration#" value="R7FA0E1073CFJ.pincfg"/>
    <option key="#FSPVersion#" value="5.3.0"/>
    <option key="#SELECTED_TOOLCHAIN#" value="gcc-arm-embedded"/>
    <option key="#ToolchainVersion#" value="13.2.1.arm-13-7"/>
  </generalSettings>
  <raBspConfiguration>
    <config id="config.bsp.ra0e1.R7FA0E1073CFJ">
      <property id="config.bsp.part_number" value="config.bsp.part_number.value"/>
      <property id="config.bsp.rom_size_bytes" value="config.bsp.rom_size_bytes.value"/>
      <property id="config.bsp.rom_size_bytes_hidden" value="65536"/>
      <property id="config.bsp.ram_size_bytes" value="config.bsp.ram_size_bytes.value"/>
      <property id="config.bsp.data_flash_size_bytes" value="config.bsp.data_flash_size_bytes.value"/>
      <property id="config.bsp.package_style" value="config.bsp.package_style.value"/>
      <property id="config.bsp.package_pins" value="config.bsp.package_pins.value"/>
      <property id="config.bsp.irq_count_hidden" value="64"/>
    </config>
    <config id="config.bsp.ra0e1">
      <property id="config.bsp.series" value="config.bsp.series.value"/>
    </config>
    <config id="config.bsp.ra0e1.fsp">
      <property id="config.bsp.fsp.inline_irq_functions" value="config.bsp.common.inline_irq_functions.disabled"/>
      <property id="config.bsp.fsp.OFS0.iwdt_start_mode" value="config.bsp.fsp.OFS0.iwdt_start_mode.disabled"/>
      <property id="config.bsp.fsp.OFS0.iwdt_timeout" value="config.bsp.fsp.OFS0.iwdt_timeout.2048"/>
      <property id="config.bsp.fsp.OFS0.iwdt_divisor" value="config.bsp.fsp.OFS0.iwdt_divisor.128"/>
      <property id="config.bsp.fsp.OFS0.iwdt_window_end" value="config.bsp.fsp.OFS0.iwdt_window_end.0"/>
      <property id="config.bsp.fsp.OFS0.iwdt_window_start" value="config.bsp.fsp.OFS0.iwdt_window_start.100"/>
      <property id="config.bsp.fsp.OFS0.iwdt_reset_interrupt" value="config.bsp.fsp.OFS0.iwdt_reset_interrupt.Reset"/>
      <property id="config.bsp.fsp.OFS0.iwdt_stop_control" value="config.bsp.fsp.OFS0.iwdt_stop_control.stops"/>
      <property id="config.bsp.fsp.OFS1.voltage_detection0.start" value="config.bsp.fsp.OFS1.voltage_detection0.start.disabled"/>
      <property id="config.bsp.fsp.OFS1.voltage_detection0_level" value="config.bsp.fsp.OFS1.voltage_detection0_level.186"/>
      <property id="config.bsp.fsp.OFS1.flash_readprotection" value="config.bsp.fsp.flash_readprotection.disabled"/>
      <property id="config.bsp.fsp.OFS1.flash_readprotection_start" value="0x01"/>
      <property id="config.bsp.fsp.OFS1.flash_readprotection_end" value="0x3F"/>
      <property id="config.bsp.fsp.OFS1.res_pin_selection" value="config.bsp.fsp.res_pin_selection.res_input"/>
      <property id="config.bsp.common.main_osc_wait" value="config.bsp.common.main_osc_wait.2_power_of_18_div_x1"/>
      <property id="config.bsp.low_voltage_mode" value="config.bsp.low_voltage_mode.disabled"/>
      <property id="config.bsp.fsp.mcu.adc.max_freq_hz" value="32000000"/>
      <property id="config.bsp.fsp.mcu.sau_uart.max_baud" value="5333333"/>
      <property id="config.bsp.fsp.mcu.sau_spi.max_bitrate" value="16000000"/>
      <property id="config.bsp.fsp.mcu.uarta.max_baud" value="153600"/>
      <property id="config.bsp.fsp.mcu.iic_master.rate.rate_fastplus" value="1"/>
      <property id="config.bsp.fsp.mcu.iic_master.fastplus_channels" value="0"/>
      <property id="config.bsp.fsp.mcu.iic_slave.rate.rate_fastplus" value="1"/>
      <property id="config.bsp.fsp.mcu.iic_slave.fastplus_channels" value="0x0"/>
      <property id="config.bsp.common.id_mode" value="config.bsp.common.id_mode.unlocked"/>
      <property id="config.bsp.common.id_code" value="FFFFFFFFFFFFFFFFFFFFFFFFFFFFFFFF"/>
      <property id="config.bsp.common.id1" value=""/>
      <property id="config.bsp.common.id2" value=""/>
      <property id="config.bsp.common.id3" value=""/>
      <property id="config.bsp.common.id4" value=""/>
      <property id="config.bsp.common.id_fixed" value=""/>
      <property id="config.bsp.common.fill_flash_gap" value="config.bsp.common.fill_flash_gap.enabled"/>
    </config>
    <config id="config.bsp.ra">
      <property id="config.bsp.common.main" value="0x400"/>
      <property id="config.bsp.common.heap" value="0"/>
      <property id="config.bsp.common.vcc" value="3300"/>
      <property id="config.bsp.common.checking" value="config.bsp.common.checking.disabled"/>
      <property id="config.bsp.common.assert" value="config.bsp.common.assert.none"/>
      <property id="config.bsp.common.error_log" value="config.bsp.common.error_log.none"/>
      <property id="config.bsp.common.soft_reset" value="config.bsp.common.soft_reset.disabled"/>
      <property id="config.bsp.common.main_osc_populated" value="config.bsp.common.main_osc_populated.enabled"/>
      <property id="config.bsp.common.pfs_protect" value="config.bsp.common.pfs_protect.enabled"/>
      <property id="config.bsp.common.c_runtime_init" value="config.bsp.common.c_runtime_init.enabled"/>
      <property id="config.bsp.common.early_init" value="config.bsp.common.early_init.disabled"/>
      <property id="config.bsp.common.main_osc_clock_source" value="config.bsp.common.main_osc_clock_source.crystal"/>
      <property id="config.bsp.common.subclock_populated" value="config.bsp.common.subclock_populated.enabled"/>
      <property id="config.bsp.common.subclock_drive" value="config.bsp.common.subclock_drive.standard"/>
      <property id="config.bsp.common.subclock_stabilization_ms" value="1000"/>
    </config>
  </raBspConfiguration>
  <raClockConfiguration>
    <node id="board.clock.x1.freq" mul="8000000" option="_edit"/>
    <node id="board.clock.x1.div" option="board.clock.x1.div.1"/>
    <node id="board.clock.hoco.freq" option="board.clock.hoco.freq.32m"/>
    <node id="board.clock.hoco.div" option="board.clock.hoco.div.1"/>
    <node id="board.clock.moco.freq" option="board.clock.moco.freq.4m"/>
    <node id="board.clock.moco.div" option="board.clock.moco.div.1"/>
    <node id="board.clock.subclk.freq" option="board.clock.subclk.freq.32768"/>
    <node id="board.clock.loco.freq" option="board.clock.loco.freq.32768"/>
    <node id="board.clock.iclk.source" option="board.clock.iclk.source.x1"/>
    <node id="board.clock.iclk.display" option="board.clock.iclk.display.value"/>
    <node id="board.clock.tau.ck00.div" option="board.clock.tau.ck00.div.1"/>
    <node id="board.clock.tau.ck00.display" option="board.clock.tau.ck00.display.value"/>
    <node id="board.clock.tau.ck01.div" option="board.clock.tau.ck01.div.1"/>
    <node id="board.clock.tau.ck01.display" option="board.clock.tau.ck01.display.value"/>
    <node id="board.clock.tau.ck02.div" option="board.clock.tau.ck02.div.2"/>
    <node id="board.clock.tau.ck02.display" option="board.clock.tau.ck02.display.value"/>
    <node id="board.clock.tau.ck03.div" option="board.clock.tau.ck03.div.256"/>
    <node id="board.clock.tau.ck03.display" option="board.clock.tau.ck03.display.value"/>
    <node id="board.clock.sau.ck00.div" option="board.clock.sau.ck00.div.2"/>
    <node id="board.clock.sau.ck00.display" option="board.clock.sau.ck00.display.value"/>
    <node id="board.clock.sau.ck01.div" option="board.clock.sau.ck01.div.1"/>
    <node id="board.clock.sau.ck01.display" option="board.clock.sau.ck01.display.value"/>
    <node id="board.clock.sau.ck10.div" option="board.clock.sau.ck10.div.2"/>
    <node id="board.clock.sau.ck10.display" option="board.clock.sau.ck10.display.value"/>
    <node id="board.clock.sau.ck11.div" option="board.clock.sau.ck11.div.1"/>
    <node id="board.clock.sau.ck11.display" option="board.clock.sau.ck11.display.value"/>
    <node id="board.clock.clkout.source" option="board.clock.clkout.source.disabled"/>
    <node id="board.clock.clkout.div" option="board.clock.clkout.div.1"/>
    <node id="board.clock.clkout.display" option="board.clock.clkout.display.value"/>
    <node id="board.clock.uarta.source" option="board.clock.uarta.source.disabled"/>
    <node id="board.clock.uarta.source.display" option="board.clock.uarta.display.value"/>
    <node id="board.clock.fsxp.source" option="board.clock.fsxp.source.subclk"/>
    <node id="board.clock.tml.fitl0.source" option="board.clock.tml.fitl0.source.disabled"/>
    <node id="board.clock.tml.fitl0.display" option="board.clock.tml.fitl0.display.value"/>
    <node id="board.clock.tml.fitl1.source" option="board.clock.tml.fitl1.source.disabled"/>
    <node id="board.clock.tml.fitl1.display" option="board.clock.tml.fitl1.display.value"/>
    <node id="board.clock.tml.fitl2.source" option="board.clock.tml.fitl2.source.disabled"/>
    <node id="board.clock.tml.fitl2.display" option="board.clock.tml.fitl2.display.value"/>
    <node id="board.clock.fsxp.display" option="board.clock.fsxp.display.value"/>
  </raClockConfiguration>
  <raComponentSelection>
    <component apiversion="" class="Common" condition="" group="all" subgroup="fsp_common" variant="" vendor="Renesas" version="5.3.0">
      <description>Board Support Package Common Files</description>
      <originalPack>Renesas.RA.5.3.0.pack</originalPack>
    </component>
    <component apiversion="" class="HAL Drivers" condition="" group="all" subgroup="r_ioport" variant="" vendor="Renesas" version="5.3.0">
      <description>I/O Port</description>
      <originalPack>Renesas.RA.5.3.0.pack</originalPack>
    </component>
    <component apiversion="" class="CMSIS" condition="" group="CMSIS5" subgroup="CoreM" variant="" vendor="Arm" version="5.9.0+renesas.1.fsp.5.3.0">
      <description>Arm CMSIS Version 5 - Core (M)</description>
      <originalPack>Arm.CMSIS5.5.9.0+renesas.1.fsp.5.3.0.pack</originalPack>
    </component>
    <component apiversion="" class="BSP" condition="" group="Board" subgroup="custom" variant="" vendor="Renesas" version="5.3.0">
      <description>Custom Board Support Files</description>
      <originalPack>Renesas.RA_board_custom.5.3.0.pack</originalPack>
    </component>
    <component apiversion="" class="BSP" condition="" group="ra0e1" subgroup="device" variant="R7FA0E1073CFJ" vendor="Renesas" version="5.3.0">
      <description>Board support package for R7FA0E1073CFJ</description>
      <originalPack>Renesas.RA_mcu_ra0e1.5.3.0.pack</originalPack>
    </component>
    <component apiversion="" class="BSP" condition="" group="ra0e1" subgroup="device" variant="" vendor="Renesas" version="5.3.0">
      <description>Board support package for RA0E1</description>
      <originalPack>Renesas.RA_mcu_ra0e1.5.3.0.pack</originalPack>
    </component>
    <component apiversion="" class="BSP" condition="" group="ra0e1" subgroup="fsp" variant="" vendor="Renesas" version="5.3.0">
      <description>Board support package for RA0E1 - FSP Data</description>
      <originalPack>Renesas.RA_mcu_ra0e1.5.3.0.pack</originalPack>
    </component>
    <component apiversion="" class="BSP" condition="" group="ra0e1" subgroup="events" variant="" vendor="Renesas" version="5.3.0">
      <description>Board support package for RA0E1 - Events</description>
      <originalPack>Renesas.RA_mcu_ra0e1.5.3.0.pack</originalPack>
    </component>
  </raComponentSelection>
  <raElcConfiguration/>
  <raIcuConfiguration/>
  <raModuleConfiguration>
    <module id="module.driver.ioport_on_ioport.0">
      <property id="module.driver.ioport.name" value="g_ioport"/>
      <property id="module.driver.ioport.elc_trigger_ioport1" value="_disabled"/>
      <property id="module.driver.ioport.elc_trigger_ioport2" value="_disabled"/>
      <property id="module.driver.ioport.elc_trigger_ioport3" value="_disabled"/>
      <property id="module.driver.ioport.elc_trigger_ioport4" value="_disabled"/>
      <property id="module.driver.ioport.pincfg" value="g_bsp_pin_cfg"/>
    </module>
    <context id="_hal.0">
      <stack module="module.driver.ioport_on_ioport.0"/>
    </context>
    <config id="config.driver.ioport">
      <property id="config.driver.ioport.checking" value="config.driver.ioport.checking.system"/>
    </config>
  </raModuleConfiguration>
  <raPinConfiguration>
    <pincfg active="true" name="R7FA0E1073CFJ.pincfg" selected="true" symbol="g_bsp_pin_cfg">
      <configSetting altId="jtag_fslash_swd.mode.swd.free" configurationId="jtag_fslash_swd.mode"/>
      <configSetting altId="jtag_fslash_swd.swclk.p300" configurationId="jtag_fslash_swd.swclk"/>
      <configSetting altId="jtag_fslash_swd.swdio.p108" configurationId="jtag_fslash_swd.swdio"/>
      <configSetting altId="p013.output.low" configurationId="p013"/>
      <configSetting altId="p013.gpio_mode.gpio_mode_out.low" configurationId="p013.gpio_mode"/>
      <configSetting altId="p014.output.low" configurationId="p014"/>
      <configSetting altId="p014.gpio_mode.gpio_mode_out.low" configurationId="p014.gpio_mode"/>
      <configSetting altId="p108.jtag_fslash_swd.swdio" configurationId="p108"/>
      <configSetting altId="p108.gpio_mode.gpio_mode_peripheral" configurationId="p108.gpio_mode"/>
      <configSetting altId="p300.jtag_fslash_swd.swclk" configurationId="p300"/>
      <configSetting altId="p300.gpio_mode.gpio_mode_peripheral" configurationId="p300.gpio_mode"/>
    </pincfg>
  </raPinConfiguration>
</raConfiguration>
